<?xml version="1.0" encoding="UTF-8"?>
<tns:patient xmlns:tns="http://www.fer.com/Patient"
	xmlns:xsi="http://www.w3.org/2001/XMLSchema-instance"
	xsi:schemaLocation="http://www.fer.com/Patient Patient.xsd ">
	<tns:id>123</tns:id>
	<tns:name>tns:name</tns:name>
	<tns:age>0</tns:age>
	<tns:dob>2001-01-01</tns:dob>
	<tns:email>tns:email</tns:email>
	<tns:gender>M</tns:gender>
	<tns:phone>tns:phone</tns:phone>
	<tns:payment>
		<tns:insurance>
			<tns:limit>10000</tns:limit>
			<tns:orovider>fer insurance</tns:orovider>
		</tns:insurance>
	</tns:payment>
</tns:patient>
